county_fips,egrid_subregion
01001,SRSO
01003,SRSO
01005,SRSO
01007,SRSO
01009,SRSO
01011,SRSO
01013,SRSO
01015,SRSO
01017,SRSO
01019,SRSO
01021,SRSO
01023,SRSO
01025,SRSO
01027,SRSO
01029,SRSO
01031,SRSO
01033,SRTV
01035,SRSO
01037,SRSO
01039,SRSO
01041,SRSO
01043,SRSO
01045,SRSO
01047,SRSO
01049,SRTV
01051,SRSO
01053,SRSO
01055,SRSO
01057,SRSO
01059,SRSO
01061,SRSO
01063,SRSO
01065,SRSO
01067,SRSO
01069,SRSO
01071,SRTV
01073,SRSO
01075,SRSO
01077,SRTV
01079,SRSO
01081,SRSO
01083,SRTV
01085,SRSO
01087,SRSO
01089,SRTV
01091,SRSO
01093,SRSO
01095,SRTV
01097,SRSO
01099,SRSO
01101,SRSO
01103,SRTV
01105,SRSO
01107,SRSO
01109,SRSO
01111,SRSO
01113,SRSO
01115,SRSO
01117,SRSO
01119,SRSO
01121,SRSO
01123,SRSO
01125,SRSO
01127,SRSO
01129,SRSO
01131,SRSO
01133,SRSO
02013,AKMS
02016,AKMS
02020,AKGD
02050,AKMS
02060,AKMS
02063,AKGD
02066,AKMS
02068,AKGD
02070,AKMS
02090,AKGD
02100,AKMS
02105,AKMS
02110,AKMS
02122,AKGD
02130,AKMS
02150,AKMS
02158,AKMS
02164,AKMS
02170,AKGD
02180,AKMS
02185,AKGD
02188,AKMS
02195,AKMS
02198,AKMS
02220,AKMS
02230,AKMS
02240,AKMS
02275,AKMS
02282,AKMS
02290,AKMS
04001,NWPP
04003,AZNM
04005,AZNM
04007,AZNM
04009,AZNM
04011,AZNM
04012,AZNM
04013,AZNM
04015,AZNM
04017,AZNM
04019,AZNM
04021,AZNM
04023,AZNM
04025,AZNM
04027,AZNM
05001,SRMV
05003,SRMV
05005,SRMV
05007,SPSO
05009,SPSO
05011,SRMV
05013,SRMV
05015,SPSO
05017,SRMV
05019,SRMV
05021,SRMV
05023,SRMV
05025,SRMV
05027,SRMV
05029,SRMV
05031,SRMV
05033,SRMV
05035,SRMV
05037,SRMV
05039,SRMV
05041,SRMV
05043,SRMV
05045,SRMV
05047,SRMV
05049,SRMV
05051,SRMV
05053,SRMV
05055,SRMV
05057,SRMV
05059,SRMV
05061,SRMV
05063,SRMV
05065,SRMV
05067,SRMV
05069,SRMV
05071,SRMV
05073,SRMV
05075,SRMV
05077,SRMV
05079,SRMV
05081,SRMV
05083,SRMV
05085,SRMV
05087,SPSO
05089,SRMV
05091,SRMV
05093,SRMV
05095,SRMV
05097,SRMV
05099,SRMV
05101,SPSO
05103,SRMV
05105,SRMV
05107,SRMV
05109,SRMV
05111,SRMV
05113,SRMV
05115,SRMV
05117,SRMV
05119,SRMV
05121,SRMV
05123,SRMV
05125,SRMV
05127,SRMV
05129,SRMV
05131,SRMV
05133,SRMV
05135,SRMV
05137,SRMV
05139,SRMV
05141,SRMV
05143,SPSO
05145,SRMV
05147,SRMV
05149,SRMV
06001,CAMX
06003,CAMX
06005,CAMX
06007,CAMX
06009,CAMX
06011,CAMX
06013,CAMX
06015,NWPP
06017,CAMX
06019,CAMX
06021,CAMX
06023,CAMX
06025,AZNM
06027,CAMX
06029,CAMX
06031,CAMX
06033,CAMX
06035,CAMX
06037,CAMX
06039,CAMX
06041,CAMX
06043,CAMX
06045,CAMX
06047,CAMX
06049,NWPP
06051,CAMX
06053,CAMX
06055,CAMX
06057,CAMX
06059,CAMX
06061,CAMX
06063,CAMX
06065,CAMX
06067,CAMX
06069,CAMX
06071,CAMX
06073,CAMX
06075,CAMX
06077,CAMX
06079,CAMX
06081,CAMX
06083,CAMX
06085,CAMX
06087,CAMX
06089,CAMX
06091,CAMX
06093,NWPP
06095,CAMX
06097,CAMX
06099,CAMX
06101,CAMX
06103,CAMX
06105,CAMX
06107,CAMX
06109,CAMX
06111,CAMX
06113,CAMX
06115,CAMX
08001,RMPA
08003,RMPA
08005,RMPA
08007,RMPA
08009,RMPA
08011,RMPA
08013,RMPA
08014,RMPA
08015,RMPA
08017,RMPA
08019,RMPA
08021,RMPA
08023,RMPA
08025,RMPA
08027,RMPA
08029,RMPA
08031,RMPA
08033,RMPA
08035,RMPA
08037,RMPA
08039,RMPA
08041,RMPA
08043,RMPA
08045,RMPA
08047,RMPA
08049,RMPA
08051,RMPA
08053,RMPA
08055,RMPA
08057,RMPA
08059,RMPA
08061,RMPA
08063,RMPA
08065,RMPA
08067,RMPA
08069,RMPA
08071,RMPA
08073,RMPA
08075,RMPA
08077,RMPA
08079,RMPA
08081,RMPA
08083,RMPA
08085,RMPA
08087,RMPA
08089,RMPA
08091,RMPA
08093,RMPA
08095,RMPA
08097,RMPA
08099,RMPA
08101,RMPA
08103,RMPA
08105,RMPA
08107,RMPA
08109,RMPA
08111,RMPA
08113,RMPA
08115,RMPA
08117,RMPA
08119,RMPA
08121,RMPA
08123,RMPA
08125,RMPA
09001,NEWE
09003,NEWE
09005,NEWE
09007,NEWE
09009,NEWE
09011,NEWE
09013,NEWE
09015,NEWE
10001,RFCE
10003,RFCE
10005,RFCE
11001,RFCE
12001,FRCC
12003,FRCC
12005,SRSO
12007,FRCC
12009,FRCC
12011,FRCC
12013,FRCC
12015,FRCC
12017,FRCC
12019,FRCC
12021,FRCC
12023,FRCC
12027,FRCC
12029,FRCC
12031,FRCC
12033,SRSO
12035,FRCC
12037,FRCC
12039,FRCC
12041,FRCC
12043,FRCC
12045,FRCC
12047,FRCC
12049,FRCC
12051,FRCC
12053,FRCC
12055,FRCC
12057,FRCC
12059,SRSO
12061,FRCC
12063,FRCC
12065,FRCC
12067,FRCC
12069,FRCC
12071,FRCC
12073,FRCC
12075,FRCC
12077,FRCC
12079,FRCC
12081,FRCC
12083,FRCC
12085,FRCC
12086,FRCC
12087,FRCC
12089,FRCC
12091,SRSO
12093,FRCC
12095,FRCC
12097,FRCC
12099,FRCC
12101,FRCC
12103,FRCC
12105,FRCC
12107,FRCC
12109,FRCC
12111,FRCC
12113,SRSO
12115,FRCC
12117,FRCC
12119,FRCC
12121,FRCC
12123,FRCC
12125,FRCC
12127,FRCC
12129,FRCC
12131,SRSO
12133,SRSO
13001,SRSO
13003,SRSO
13005,SRSO
13007,SRSO
13009,SRSO
13011,SRSO
13013,SRSO
13015,SRSO
13017,SRSO
13019,SRSO
13021,SRSO
13023,SRSO
13025,SRSO
13027,SRSO
13029,SRSO
13031,SRSO
13033,SRSO
13035,SRSO
13037,SRSO
13039,SRSO
13043,SRSO
13045,SRSO
13047,SRTV
13049,SRSO
13051,SRSO
13053,SRSO
13055,SRSO
13057,SRSO
13059,SRSO
13061,SRSO
13063,SRSO
13065,SRSO
13067,SRSO
13069,SRSO
13071,SRSO
13073,SRSO
13075,SRSO
13077,SRSO
13079,SRSO
13081,SRSO
13083,SRSO
13085,SRSO
13087,SRSO
13089,SRSO
13091,SRSO
13093,SRSO
13095,SRSO
13097,SRSO
13099,SRSO
13101,SRSO
13103,SRSO
13105,SRSO
13107,SRSO
13109,SRSO
13111,SRSO
13113,SRSO
13115,SRSO
13117,SRSO
13119,SRSO
13121,SRSO
13123,SRSO
13125,SRSO
13127,SRSO
13129,SRSO
13131,SRSO
13133,SRSO
13135,SRSO
13137,SRTV
13139,SRSO
13141,SRSO
13143,SRSO
13145,SRSO
13147,SRSO
13149,SRSO
13151,SRSO
13153,SRSO
13155,SRSO
13157,SRSO
13159,SRSO
13161,SRSO
13163,SRSO
13165,SRSO
13167,SRSO
13169,SRSO
13171,SRSO
13173,SRSO
13175,SRSO
13177,SRSO
13179,SRSO
13181,SRSO
13183,SRSO
13185,SRSO
13187,SRSO
13189,SRSO
13191,SRSO
13193,SRSO
13195,SRSO
13197,SRSO
13199,SRSO
13201,SRSO
13205,SRSO
13207,SRSO
13209,SRSO
13211,SRSO
13213,SRSO
13215,SRSO
13217,SRSO
13219,SRSO
13221,SRSO
13223,SRSO
13225,SRSO
13227,SRSO
13229,SRSO
13231,SRSO
13233,SRSO
13235,SRSO
13237,SRSO
13239,SRSO
13241,SRTV
13243,SRSO
13245,SRSO
13247,SRSO
13249,SRSO
13251,SRSO
13253,SRSO
13255,SRSO
13257,SRSO
13259,SRSO
13261,SRSO
13263,SRSO
13265,SRSO
13267,SRSO
13269,SRSO
13271,SRSO
13273,SRSO
13275,SRSO
13277,SRSO
13279,SRSO
13281,SRTV
13283,SRSO
13285,SRSO
13287,SRSO
13289,SRSO
13291,SRSO
13293,SRSO
13295,SRSO
13297,SRSO
13299,SRSO
13301,SRSO
13303,SRSO
13305,SRSO
13307,SRSO
13309,SRSO
13311,SRSO
13313,SRSO
13315,SRSO
13317,SRSO
13319,SRSO
13321,SRSO
15001,HIMS
15003,HIOA
15005,HIMS
15007,HIMS
15009,HIMS
16001,NWPP
16003,NWPP
16005,NWPP
16007,NWPP
16009,NWPP
16011,NWPP
16013,NWPP
16015,NWPP
16017,NWPP
16019,NWPP
16021,NWPP
16023,NWPP
16025,NWPP
16027,NWPP
16029,NWPP
16031,NWPP
16033,NWPP
16035,NWPP
16037,NWPP
16039,NWPP
16041,NWPP
16043,NWPP
16045,NWPP
16047,NWPP
16049,NWPP
16051,NWPP
16053,NWPP
16055,NWPP
16057,NWPP
16059,NWPP
16061,NWPP
16063,NWPP
16065,NWPP
16067,NWPP
16069,NWPP
16071,NWPP
16073,NWPP
16075,NWPP
16077,NWPP
16079,NWPP
16081,NWPP
16083,NWPP
16085,NWPP
16087,NWPP
17001,SRMW
17003,SRMW
17005,SRMW
17007,RFCW
17009,SRMW
17011,SRMW
17013,SRMW
17015,RFCW
17017,SRMW
17019,SRMW
17021,SRMW
17023,SRMW
17025,SRMW
17027,SRMW
17029,SRMW
17031,RFCW
17033,SRMW
17035,SRMW
17037,RFCW
17039,SRMW
17041,SRMW
17043,RFCW
17045,SRMW
17047,SRMW
17049,SRMW
17051,SRMW
17053,SRMW
17055,SRMW
17057,SRMW
17059,SRMW
17061,SRMW
17063,RFCW
17065,SRMW
17067,SRMW
17069,SRMW
17071,SRMW
17073,SRMW
17075,SRMW
17077,SRMW
17079,SRMW
17081,SRMW
17083,SRMW
17085,RFCW
17087,SRMW
17089,RFCW
17091,RFCW
17093,SRMW
17095,SRMW
17097,RFCW
17099,SRMW
17101,SRMW
17103,RFCW
17105,SRMW
17107,SRMW
17109,SRMW
17111,RFCW
17113,SRMW
17115,SRMW
17117,SRMW
17119,SRMW
17121,SRMW
17123,SRMW
17125,SRMW
17127,SRMW
17129,SRMW
17131,SRMW
17133,SRMW
17135,SRMW
17137,SRMW
17139,SRMW
17141,RFCW
17143,SRMW
17145,SRMW
17147,SRMW
17149,SRMW
17151,SRMW
17153,SRMW
17155,SRMW
17157,SRMW
17159,SRMW
17161,MROW
17163,SRMW
17165,SRMW
17167,SRMW
17169,SRMW
17171,SRMW
17173,SRMW
17175,SRMW
17177,RFCW
17179,SRMW
17181,SRMW
17183,SRMW
17185,SRMW
17187,SRMW
17189,SRMW
17191,SRMW
17193,SRMW
17195,RFCW
17197,RFCW
17199,SRMW
17201,RFCW
17203,SRMW
18001,RFCW
18003,RFCW
18005,RFCW
18007,RFCW
18009,RFCW
18011,RFCW
18013,RFCW
18015,RFCW
18017,RFCW
18019,RFCW
18021,RFCW
18023,RFCW
18025,RFCW
18027,RFCW
18029,RFCW
18031,RFCW
18033,RFCW
18035,RFCW
18037,RFCW
18039,RFCW
18041,RFCW
18043,RFCW
18045,RFCW
18047,RFCW
18049,RFCW
18051,RFCW
18053,RFCW
18055,RFCW
18057,RFCW
18059,RFCW
18061,RFCW
18063,RFCW
18065,RFCW
18067,RFCW
18069,RFCW
18071,RFCW
18073,RFCW
18075,RFCW
18077,RFCW
18079,RFCW
18081,RFCW
18083,RFCW
18085,RFCW
18087,RFCW
18089,RFCW
18091,RFCW
18093,RFCW
18095,RFCW
18097,RFCW
18099,RFCW
18101,RFCW
18103,RFCW
18105,RFCW
18107,RFCW
18109,RFCW
18111,RFCW
18113,RFCW
18115,RFCW
18117,RFCW
18119,RFCW
18121,RFCW
18123,RFCW
18125,RFCW
18127,RFCW
18129,RFCW
18131,RFCW
18133,RFCW
18135,RFCW
18137,RFCW
18139,RFCW
18141,RFCW
18143,RFCW
18145,RFCW
18147,RFCW
18149,RFCW
18151,RFCW
18153,RFCW
18155,RFCW
18157,RFCW
18159,RFCW
18161,RFCW
18163,RFCW
18165,RFCW
18167,RFCW
18169,RFCW
18171,RFCW
18173,RFCW
18175,RFCW
18177,RFCW
18179,RFCW
18181,RFCW
18183,RFCW
19001,MROW
19003,MROW
19005,MROW
19007,MROW
19009,MROW
19011,MROW
19013,MROW
19015,MROW
19017,MROW
19019,MROW
19021,MROW
19023,MROW
19025,MROW
19027,MROW
19029,MROW
19031,MROW
19033,MROW
19035,MROW
19037,MROW
19039,MROW
19041,MROW
19043,MROW
19045,MROW
19047,MROW
19049,MROW
19051,MROW
19053,MROW
19055,MROW
19057,SRMW
19059,MROW
19061,MROW
19063,MROW
19065,MROW
19067,MROW
19069,MROW
19071,MROW
19073,MROW
19075,MROW
19077,MROW
19079,MROW
19081,MROW
19083,MROW
19085,MROW
19087,SRMW
19089,MROW
19091,MROW
19093,MROW
19095,MROW
19097,MROW
19099,MROW
19101,SRMW
19103,MROW
19105,MROW
19107,MROW
19109,MROW
19111,SRMW
19113,MROW
19115,MROW
19117,MROW
19119,MROW
19121,MROW
19123,MROW
19125,MROW
19127,MROW
19129,MROW
19131,MROW
19133,MROW
19135,MROW
19137,MROW
19139,MROW
19141,MROW
19143,MROW
19145,MROW
19147,MROW
19149,MROW
19151,MROW
19153,MROW
19155,MROW
19157,MROW
19159,MROW
19161,MROW
19163,MROW
19165,MROW
19167,MROW
19169,MROW
19171,MROW
19173,MROW
19175,MROW
19177,SRMW
19179,SRMW
19181,MROW
19183,MROW
19185,MROW
19187,MROW
19189,MROW
19191,MROW
19193,MROW
19195,MROW
19197,MROW
20001,SPNO
20003,SPNO
20005,SPNO
20007,SPSO
20009,SPNO
20011,SPNO
20013,SPNO
20015,SPNO
20017,SPNO
20019,SPNO
20021,SPNO
20023,SPNO
20025,SPNO
20027,SPNO
20029,SPNO
20031,SPNO
20033,SPSO
20035,SPNO
20037,SPNO
20039,SPNO
20041,SPNO
20043,SPNO
20045,SPNO
20047,SPNO
20049,SPNO
20051,SPNO
20053,SPNO
20055,SPNO
20057,SPNO
20059,SPNO
20061,SPNO
20063,SPNO
20065,SPNO
20067,SPNO
20069,SPNO
20071,SPNO
20073,SPNO
20075,SPNO
20077,SPNO
20079,SPNO
20081,SPNO
20083,SPNO
20085,SPNO
20087,SPNO
20089,SPNO
20091,SPNO
20093,SPNO
20095,SPNO
20097,SPNO
20099,SPNO
20101,SPNO
20103,SPNO
20105,SPNO
20107,SPNO
20109,SPNO
20111,SPNO
20113,SPNO
20115,SPNO
20117,SPNO
20119,SPNO
20121,SPNO
20123,SPNO
20125,SPNO
20127,SPNO
20129,SPNO
20131,SPNO
20133,SPNO
20135,SPNO
20137,SPNO
20139,SPNO
20141,SPNO
20143,SPNO
20145,SPNO
20147,SPNO
20149,SPNO
20151,SPNO
20153,SPNO
20155,SPNO
20157,SPNO
20159,SPNO
20161,SPNO
20163,SPNO
20165,SPNO
20167,SPNO
20169,SPNO
20171,SPNO
20173,SPNO
20175,SPNO
20177,SPNO
20179,SPNO
20181,SPNO
20183,SPNO
20185,SPNO
20187,SPNO
20189,SPNO
20191,SPNO
20193,SPNO
20195,SPNO
20197,SPNO
20199,SPNO
20201,SPNO
20203,SPNO
20205,SPNO
20207,SPNO
20209,SPNO
21001,SRTV
21003,SRTV
21005,SRTV
21007,SRTV
21009,SRTV
21011,SRTV
21013,SRTV
21015,SRTV
21017,SRTV
21019,RFCW
21021,SRTV
21023,SRTV
21025,SRTV
21027,SRTV
21029,SRTV
21031,SRTV
21033,SRTV
21035,SRTV
21037,SRTV
21039,SRTV
21041,SRTV
21043,SRTV
21045,SRTV
21047,SRTV
21049,SRTV
21051,SRTV
21053,SRTV
21055,SRTV
21057,SRTV
21059,SRTV
21061,SRTV
21063,SRTV
21065,SRTV
21067,SRTV
21069,SRTV
21071,SRTV
21073,SRTV
21075,SRTV
21077,SRTV
21079,SRTV
21081,SRTV
21083,SRTV
21085,SRTV
21087,SRTV
21089,SRTV
21091,SRTV
21093,SRTV
21095,SRTV
21097,SRTV
21099,SRTV
21101,SRTV
21103,SRTV
21105,SRTV
21107,SRTV
21109,SRTV
21111,SRTV
21113,SRTV
21115,SRTV
21117,SRTV
21119,RFCW
21121,SRTV
21123,SRTV
21125,SRTV
21127,SRTV
21129,SRTV
21131,SRTV
21133,SRTV
21135,SRTV
21137,SRTV
21139,SRTV
21141,SRTV
21143,SRTV
21145,SRTV
21147,SRTV
21149,SRTV
21151,SRTV
21153,SRTV
21155,SRTV
21157,SRTV
21159,SRTV
21161,SRTV
21163,SRTV
21165,SRTV
21167,SRTV
21169,SRTV
21171,SRTV
21173,SRTV
21175,SRTV
21177,SRTV
21179,SRTV
21181,SRTV
21183,SRTV
21185,SRTV
21187,SRTV
21189,SRTV
21191,SRTV
21193,RFCW
21195,RFCW
21197,SRTV
21199,SRTV
21201,SRTV
21203,SRTV
21205,SRTV
21207,SRTV
21209,SRTV
21211,SRTV
21213,SRTV
21215,SRTV
21217,SRTV
21219,SRTV
21221,SRTV
21223,SRTV
21225,SRTV
21227,SRTV
21229,SRTV
21231,SRTV
21233,SRTV
21235,SRTV
21237,SRTV
21239,SRTV
22001,SPSO
22003,SRMV
22005,SRMV
22007,SRMV
22009,SPSO
22011,SRMV
22013,SRMV
22015,SRMV
22017,SPSO
22019,SRMV
22021,SRMV
22023,SRMV
22025,SRMV
22027,SRMV
22029,SPSO
22031,SPSO
22033,SRMV
22035,SRMV
22037,SRMV
22039,SRMV
22041,SRMV
22043,SPSO
22045,SPSO
22047,SRMV
22049,SRMV
22051,SRMV
22053,SRMV
22055,SPSO
22057,SRMV
22059,SPSO
22061,SRMV
22063,SRMV
22065,SRMV
22067,SRMV
22069,SPSO
22071,SRMV
22073,SRMV
22075,SRMV
22077,SRMV
22079,SPSO
22081,SRMV
22083,SRMV
22085,SPSO
22087,SRMV
22089,SRMV
22091,SRMV
22093,SRMV
22095,SRMV
22097,SPSO
22099,SPSO
22101,SPSO
22103,SPSO
22105,SRMV
22107,SRMV
22109,SRMV
22111,SRMV
22113,SRMV
22115,SRMV
22117,SPSO
22119,SRMV
22121,SRMV
22123,SRMV
22125,SRMV
22127,SPSO
23001,NEWE
23003,NEWE
23005,NEWE
23007,NEWE
23009,NEWE
23011,NEWE
23013,NEWE
23015,NEWE
23017,NEWE
23019,NEWE
23021,NEWE
23023,NEWE
23025,NEWE
23027,NEWE
23029,NEWE
23031,NEWE
24001,RFCW
24003,RFCE
24005,RFCE
24009,RFCE
24011,RFCE
24013,RFCE
24015,RFCE
24017,RFCE
24019,RFCE
24021,RFCW
24023,RFCW
24025,RFCE
24027,RFCE
24029,RFCE
24031,RFCE
24033,RFCE
24035,RFCE
24037,RFCE
24039,RFCE
24041,RFCE
24043,RFCW
24045,RFCE
24047,RFCE
24510,RFCE
25001,NEWE
25003,NEWE
25005,NEWE
25007,NEWE
25009,NEWE
25011,NEWE
25013,NEWE
25015,NEWE
25017,NEWE
25019,NEWE
25021,NEWE
25023,NEWE
25025,NEWE
25027,NEWE
26001,RFCM
26003,MROE
26005,RFCM
26007,RFCM
26009,RFCM
26011,RFCM
26013,MROE
26015,RFCM
26017,RFCM
26019,RFCM
26021,RFCW
26023,RFCM
26025,RFCM
26027,RFCW
26029,RFCM
26031,RFCM
26033,RFCW
26035,RFCM
26037,RFCM
26039,RFCM
26041,MROE
26043,RFCW
26045,RFCM
26047,RFCM
26049,RFCM
26051,RFCM
26053,MROW
26055,RFCM
26057,RFCM
26059,RFCM
26061,MROE
26063,RFCM
26065,RFCM
26067,RFCM
26069,RFCM
26071,MROE
26073,RFCM
26075,RFCM
26077,RFCM
26079,RFCM
26081,RFCM
26083,MROE
26085,RFCM
26087,RFCM
26089,RFCM
26091,RFCM
26093,RFCM
26095,MROE
26097,RFCW
26099,RFCM
26101,RFCM
26103,MROE
26105,RFCM
26107,RFCM
26109,MROE
26111,RFCM
26113,RFCM
26115,RFCM
26117,RFCM
26119,RFCM
26121,RFCM
26123,RFCM
26125,RFCM
26127,RFCM
26129,RFCM
26131,MROW
26133,RFCM
26135,RFCM
26137,RFCM
26139,RFCM
26141,RFCM
26143,RFCM
26145,RFCM
26147,RFCM
26149,RFCM
26151,RFCM
26153,MROE
26155,RFCM
26157,RFCM
26159,RFCM
26161,RFCM
26163,RFCM
26165,RFCM
27001,MROW
27003,MROW
27005,MROW
27007,MROW
27009,MROW
27011,MROW
27013,MROW
27015,MROW
27017,MROW
27019,MROW
27021,MROW
27023,MROW
27025,MROW
27027,MROW
27029,MROW
27031,MROW
27033,MROW
27035,MROW
27037,MROW
27039,MROW
27041,MROW
27043,MROW
27045,MROW
27047,MROW
27049,MROW
27051,MROW
27053,MROW
27055,MROW
27057,MROW
27059,MROW
27061,MROW
27063,MROW
27065,MROW
27067,MROW
27069,MROW
27071,MROW
27073,MROW
27075,MROW
27077,MROW
27079,MROW
27081,MROW
27083,MROW
27085,MROW
27087,MROW
27089,MROW
27091,MROW
27093,MROW
27095,MROW
27097,MROW
27099,MROW
27101,MROW
27103,MROW
27105,MROW
27107,MROW
27109,MROW
27111,MROW
27113,MROW
27115,MROW
27117,MROW
27119,MROW
27121,MROW
27123,MROW
27125,MROW
27127,MROW
27129,MROW
27131,MROW
27133,MROW
27135,MROW
27137,MROW
27139,MROW
27141,MROW
27143,MROW
27145,MROW
27147,MROW
27149,MROW
27151,MROW
27153,MROW
27155,MROW
27157,MROW
27159,MROW
27161,MROW
27163,MROW
27165,MROW
27167,MROW
27169,MROW
27171,MROW
27173,MROW
28001,SRMV
28003,SRTV
28005,SRMV
28007,SRTV
28009,SRTV
28011,SRMV
28013,SRTV
28015,SRMV
28017,SRTV
28019,SRTV
28021,SRMV
28023,SRTV
28025,SRTV
28027,SRMV
28029,SRMV
28031,SRSO
28033,SRMV
28035,SRSO
28037,SRMV
28039,SRSO
28041,SRSO
28043,SRSO
28045,SRSO
28047,SRSO
28049,SRMV
28051,SRMV
28053,SRMV
28055,SRMV
28057,SRTV
28059,SRSO
28061,SRSO
28063,SRMV
28065,SRSO
28067,SRSO
28069,SRTV
28071,SRTV
28073,SRSO
28075,SRTV
28077,SRMV
28079,SRTV
28081,SRTV
28083,SRMV
28085,SRMV
28087,SRTV
28089,SRTV
28091,SRSO
28093,SRTV
28095,SRTV
28097,SRMV
28099,SRTV
28101,SRTV
28103,SRTV
28105,SRTV
28107,SRMV
28109,SRSO
28111,SRSO
28113,SRMV
28115,SRTV
28117,SRTV
28119,SRMV
28121,SRTV
28123,SRTV
28125,SRMV
28127,SRMV
28129,SRMV
28131,SRSO
28133,SRMV
28135,SRSO
28137,SRMV
28139,SRTV
28141,SRTV
28143,SRMV
28145,SRTV
28147,SRMV
28149,SRMV
28151,SRMV
28153,SRSO
28155,SRTV
28157,SRMV
28159,SRTV
28161,SRMV
28163,SRMV
29001,SRMW
29003,SPNO
29005,SPNO
29007,SRMW
29009,SPSO
29011,SPNO
29013,SPNO
29015,SRMW
29017,SRMW
29019,SRMW
29021,SPNO
29023,SPSO
29025,SRMW
29027,SRMW
29029,SRMW
29031,SRMW
29033,SPNO
29035,SRMW
29037,SPNO
29039,SPNO
29041,SPNO
29043,SRMW
29045,SRMW
29047,SPNO
29049,SRMW
29051,SRMW
29053,SRMW
29055,SRMW
29057,SPNO
29059,SRMW
29061,SRMW
29063,SRMW
29065,SRMW
29067,SRMW
29069,SRMV
29071,SRMW
29073,SRMW
29075,SPNO
29077,SPNO
29079,SPNO
29081,SPNO
29083,SRMW
29085,SPNO
29087,SPNO
29089,SRMW
29091,SRMW
29093,SRMW
29095,SPNO
29097,SPNO
29099,SRMW
29101,SPNO
29103,SRMW
29105,SRMW
29107,SPNO
29109,SPNO
29111,SRMW
29113,SRMW
29115,SRMW
29117,SRMW
29119,SPNO
29121,SRMW
29123,SRMW
29125,SRMW
29127,SRMW
29129,SPNO
29131,SRMW
29133,SRMW
29135,SRMW
29137,SRMW
29139,SRMW
29141,SRMW
29143,SRMW
29145,SPNO
29147,SPNO
29149,SRMW
29151,SRMW
29153,SRMW
29155,SRMW
29157,SRMW
29159,SRMW
29161,SRMW
29163,SRMW
29165,SPNO
29167,SPNO
29169,SRMW
29171,SRMW
29173,SRMW
29175,SRMW
29177,SPNO
29179,SRMW
29181,SRMW
29183,SRMW
29185,SPNO
29186,SRMW
29187,SRMW
29189,SRMW
29195,SRMW
29197,SRMW
29199,SRMW
29201,SRMW
29203,SRMW
29205,SRMW
29207,SRMW
29209,SPSO
29211,SRMW
29213,SRMW
29215,SRMW
29217,SPNO
29219,SRMW
29221,SRMW
29223,SRMW
29225,SRMW
29227,SPNO
29229,SRMW
29510,SRMW
30001,NWPP
30003,NWPP
30005,NWPP
30007,NWPP
30009,NWPP
30011,MROW
30013,NWPP
30015,NWPP
30017,MROW
30019,NWPP
30021,NWPP
30023,NWPP
30025,MROW
30027,NWPP
30029,NWPP
30031,NWPP
30033,NWPP
30035,NWPP
30037,NWPP
30039,NWPP
30041,NWPP
30043,NWPP
30045,NWPP
30047,NWPP
30049,NWPP
30051,NWPP
30053,NWPP
30055,MROW
30057,NWPP
30059,NWPP
30061,NWPP
30063,NWPP
30065,NWPP
30067,NWPP
30069,NWPP
30071,NWPP
30073,NWPP
30075,RMPA
30077,NWPP
30079,MROW
30081,NWPP
30083,NWPP
30085,MROW
30087,MROW
30089,NWPP
30091,MROW
30093,NWPP
30095,NWPP
30097,NWPP
30099,NWPP
30101,NWPP
30103,NWPP
30105,NWPP
30107,NWPP
30109,NWPP
30111,NWPP
31001,MROW
31003,MROW
31005,RMPA
31007,RMPA
31009,MROW
31011,MROW
31013,RMPA
31015,MROW
31017,MROW
31019,MROW
31021,MROW
31023,MROW
31025,MROW
31027,MROW
31029,RMPA
31031,MROW
31033,RMPA
31035,MROW
31037,MROW
31039,MROW
31041,MROW
31043,MROW
31045,RMPA
31047,MROW
31049,RMPA
31051,MROW
31053,MROW
31055,MROW
31057,RMPA
31059,MROW
31061,MROW
31063,MROW
31065,MROW
31067,MROW
31069,RMPA
31071,MROW
31073,MROW
31075,MROW
31077,MROW
31079,MROW
31081,MROW
31083,MROW
31085,RMPA
31087,MROW
31089,MROW
31091,MROW
31093,MROW
31095,MROW
31097,MROW
31099,MROW
31101,RMPA
31103,MROW
31105,RMPA
31107,MROW
31109,MROW
31111,MROW
31113,MROW
31115,MROW
31117,MROW
31119,MROW
31121,MROW
31123,RMPA
31125,MROW
31127,MROW
31129,MROW
31131,MROW
31133,MROW
31135,RMPA
31137,MROW
31139,MROW
31141,MROW
31143,MROW
31145,MROW
31147,MROW
31149,MROW
31151,MROW
31153,MROW
31155,MROW
31157,RMPA
31159,MROW
31161,RMPA
31163,MROW
31165,RMPA
31167,MROW
31169,MROW
31171,MROW
31173,MROW
31175,MROW
31177,MROW
31179,MROW
31181,MROW
31183,MROW
31185,MROW
32001,NWPP
32003,AZNM
32005,NWPP
32007,NWPP
32009,NWPP
32011,NWPP
32013,NWPP
32015,NWPP
32017,AZNM
32019,NWPP
32021,NWPP
32023,NWPP
32027,NWPP
32029,NWPP
32031,NWPP
32033,NWPP
32510,NWPP
33001,NEWE
33003,NEWE
33005,NEWE
33007,NEWE
33009,NEWE
33011,NEWE
33013,NEWE
33015,NEWE
33017,NEWE
33019,NEWE
34001,RFCE
34003,RFCE
34005,RFCE
34007,RFCE
34009,RFCE
34011,RFCE
34013,RFCE
34015,RFCE
34017,RFCE
34019,RFCE
34021,RFCE
34023,RFCE
34025,RFCE
34027,RFCE
34029,RFCE
34031,RFCE
34033,RFCE
34035,RFCE
34037,RFCE
34039,RFCE
34041,RFCE
35001,AZNM
35003,AZNM
35005,SPSO
35006,AZNM
35007,AZNM
35009,SPSO
35011,AZNM
35013,AZNM
35015,SPSO
35017,AZNM
35019,AZNM
35021,SPSO
35023,AZNM
35025,SPSO
35027,AZNM
35028,AZNM
35029,AZNM
35031,AZNM
35033,AZNM
35035,AZNM
35037,SPSO
35039,AZNM
35041,SPSO
35043,AZNM
35045,NWPP
35047,AZNM
35049,AZNM
35051,AZNM
35053,AZNM
35055,AZNM
35057,AZNM
35059,AZNM
35061,AZNM
36001,NYUP
36003,NYUP
36005,NYCW
36007,NYUP
36009,NYUP
36011,NYUP
36013,NYUP
36015,NYUP
36017,NYUP
36019,NYUP
36021,NYUP
36023,NYUP
36025,NYUP
36027,NYUP
36029,NYUP
36031,NYUP
36033,NYUP
36035,NYUP
36037,NYUP
36039,NYUP
36041,NYUP
36043,NYUP
36045,NYUP
36047,NYCW
36049,NYUP
36051,NYUP
36053,NYUP
36055,NYUP
36057,NYUP
36059,NYLI
36061,NYCW
36063,NYUP
36065,NYUP
36067,NYUP
36069,NYUP
36071,NYUP
36073,NYUP
36075,NYUP
36077,NYUP
36079,NYUP
36081,NYCW
36083,NYUP
36085,NYCW
36087,NYUP
36089,NYUP
36091,NYUP
36093,NYUP
36095,NYUP
36097,NYUP
36099,NYUP
36101,NYUP
36103,NYLI
36105,NYUP
36107,NYUP
36109,NYUP
36111,NYUP
36113,NYUP
36115,NYUP
36117,NYUP
36119,NYCW
36121,NYUP
36123,NYUP
37001,SRVC
37003,SRVC
37005,SRVC
37007,SRVC
37009,SRVC
37011,SRVC
37013,SRVC
37015,SRVC
37017,SRVC
37019,SRVC
37021,SRVC
37023,SRVC
37025,SRVC
37027,SRVC
37029,SRVC
37031,SRVC
37033,SRVC
37035,SRVC
37037,SRVC
37039,SRTV
37041,SRVC
37043,SRTV
37045,SRVC
37047,SRVC
37049,SRVC
37051,SRVC
37053,SRVC
37055,SRVC
37057,SRVC
37059,SRVC
37061,SRVC
37063,SRVC
37065,SRVC
37067,SRVC
37069,SRVC
37071,SRVC
37073,SRVC
37075,SRVC
37077,SRVC
37079,SRVC
37081,SRVC
37083,SRVC
37085,SRVC
37087,SRVC
37089,SRVC
37091,SRVC
37093,SRVC
37095,SRVC
37097,SRVC
37099,SRVC
37101,SRVC
37103,SRVC
37105,SRVC
37107,SRVC
37109,SRVC
37111,SRVC
37113,SRVC
37115,SRVC
37117,SRVC
37119,SRVC
37121,SRVC
37123,SRVC
37125,SRVC
37127,SRVC
37129,SRVC
37131,SRVC
37133,SRVC
37135,SRVC
37137,SRVC
37139,SRVC
37141,SRVC
37143,SRVC
37145,SRVC
37147,SRVC
37149,SRVC
37151,SRVC
37153,SRVC
37155,SRVC
37157,SRVC
37159,SRVC
37161,SRVC
37163,SRVC
37165,SRVC
37167,SRVC
37169,SRVC
37171,SRVC
37173,SRVC
37175,SRVC
37177,SRVC
37179,SRVC
37181,SRVC
37183,SRVC
37185,SRVC
37187,SRVC
37189,SRVC
37191,SRVC
37193,SRVC
37195,SRVC
37197,SRVC
37199,SRVC
38001,MROW
38003,MROW
38005,MROW
38007,MROW
38009,MROW
38011,MROW
38013,MROW
38015,MROW
38017,MROW
38019,MROW
38021,MROW
38023,MROW
38025,MROW
38027,MROW
38029,MROW
38031,MROW
38033,MROW
38035,MROW
38037,MROW
38039,MROW
38041,MROW
38043,MROW
38045,MROW
38047,MROW
38049,MROW
38051,MROW
38053,MROW
38055,MROW
38057,MROW
38059,MROW
38061,MROW
38063,MROW
38065,MROW
38067,MROW
38069,MROW
38071,MROW
38073,MROW
38075,MROW
38077,MROW
38079,MROW
38081,MROW
38083,MROW
38085,MROW
38087,MROW
38089,MROW
38091,MROW
38093,MROW
38095,MROW
38097,MROW
38099,MROW
38101,MROW
38103,MROW
38105,MROW
39001,RFCW
39003,RFCW
39005,RFCW
39007,RFCW
39009,RFCW
39011,RFCW
39013,RFCW
39015,RFCW
39017,RFCW
39019,RFCW
39021,RFCW
39023,RFCW
39025,RFCW
39027,RFCW
39029,RFCW
39031,RFCW
39033,RFCW
39035,RFCW
39037,RFCW
39039,RFCW
39041,RFCW
39043,RFCW
39045,RFCW
39047,RFCW
39049,RFCW
39051,RFCW
39053,RFCW
39055,RFCW
39057,RFCW
39059,RFCW
39061,RFCW
39063,RFCW
39065,RFCW
39067,RFCW
39069,RFCW
39071,RFCW
39073,RFCW
39075,RFCW
39077,RFCW
39079,RFCW
39081,RFCW
39083,RFCW
39085,RFCW
39087,RFCW
39089,RFCW
39091,RFCW
39093,RFCW
39095,RFCW
39097,RFCW
39099,RFCW
39101,RFCW
39103,RFCW
39105,RFCW
39107,RFCW
39109,RFCW
39111,RFCW
39113,RFCW
39115,RFCW
39117,RFCW
39119,RFCW
39121,RFCW
39123,RFCW
39125,RFCW
39127,RFCW
39129,RFCW
39131,RFCW
39133,RFCW
39135,RFCW
39137,RFCW
39139,RFCW
39141,RFCW
39143,RFCW
39145,RFCW
39147,RFCW
39149,RFCW
39151,RFCW
39153,RFCW
39155,RFCW
39157,RFCW
39159,RFCW
39161,RFCW
39163,RFCW
39165,RFCW
39167,RFCW
39169,RFCW
39171,RFCW
39173,RFCW
39175,RFCW
40001,SPSO
40003,SPSO
40005,SPSO
40007,SPSO
40009,SPSO
40011,SPSO
40013,SPSO
40015,SPSO
40017,SPSO
40019,SPSO
40021,SPSO
40023,SPSO
40025,SPSO
40027,SPSO
40029,SPSO
40031,SPSO
40033,SPSO
40035,SPSO
40037,SPSO
40039,SPSO
40041,SPSO
40043,SPSO
40045,SPSO
40047,SPSO
40049,SPSO
40051,SPSO
40053,SPSO
40055,SPSO
40057,SPSO
40059,SPSO
40061,SPSO
40063,SPSO
40065,SPSO
40067,SPSO
40069,SPSO
40071,SPSO
40073,SPSO
40075,SPSO
40077,SPSO
40079,SPSO
40081,SPSO
40083,SPSO
40085,SPSO
40087,SPSO
40089,SPSO
40091,SPSO
40093,SPSO
40095,SPSO
40097,SPSO
40099,SPSO
40101,SPSO
40103,SPSO
40105,SPSO
40107,SPSO
40109,SPSO
40111,SPSO
40113,SPSO
40115,SPSO
40117,SPSO
40119,SPSO
40121,SPSO
40123,SPSO
40125,SPSO
40127,SPSO
40129,SPSO
40131,SPSO
40133,SPSO
40135,SPSO
40137,SPSO
40139,SPSO
40141,SPSO
40143,SPSO
40145,SPSO
40147,SPSO
40149,SPSO
40151,SPSO
40153,SPSO
41001,NWPP
41003,NWPP
41005,NWPP
41007,NWPP
41009,NWPP
41011,NWPP
41013,NWPP
41015,NWPP
41017,NWPP
41019,NWPP
41021,NWPP
41023,NWPP
41025,NWPP
41027,NWPP
41029,NWPP
41031,NWPP
41033,NWPP
41035,NWPP
41037,NWPP
41039,NWPP
41041,NWPP
41043,NWPP
41045,NWPP
41047,NWPP
41049,NWPP
41051,NWPP
41053,NWPP
41055,NWPP
41057,NWPP
41059,NWPP
41061,NWPP
41063,NWPP
41065,NWPP
41067,NWPP
41069,NWPP
41071,NWPP
42001,RFCE
42003,RFCW
42005,RFCE
42007,RFCW
42009,RFCE
42011,RFCE
42013,RFCE
42015,RFCE
42017,RFCE
42019,RFCE
42021,RFCE
42023,RFCE
42025,RFCE
42027,RFCE
42029,RFCE
42031,RFCE
42033,RFCE
42035,RFCE
42037,RFCE
42039,RFCE
42041,RFCE
42043,RFCE
42045,RFCE
42047,RFCE
42049,RFCE
42051,RFCW
42053,RFCE
42055,RFCE
42057,RFCE
42059,RFCW
42061,RFCE
42063,RFCE
42065,RFCE
42067,RFCE
42069,RFCE
42071,RFCE
42073,RFCW
42075,RFCE
42077,RFCE
42079,RFCE
42081,RFCE
42083,RFCE
42085,RFCE
42087,RFCE
42089,RFCE
42091,RFCE
42093,RFCE
42095,RFCE
42097,RFCE
42099,RFCE
42101,RFCE
42103,RFCE
42105,RFCE
42107,RFCE
42109,RFCE
42111,RFCE
42113,RFCE
42115,RFCE
42117,RFCE
42119,RFCE
42121,RFCE
42123,RFCE
42125,RFCW
42127,RFCE
42129,RFCW
42131,RFCE
42133,RFCE
44001,NEWE
44003,NEWE
44005,NEWE
44007,NEWE
44009,NEWE
45001,SRVC
45003,SRVC
45005,SRVC
45007,SRVC
45009,SRVC
45011,SRVC
45013,SRVC
45015,SRVC
45017,SRVC
45019,SRVC
45021,SRVC
45023,SRVC
45025,SRVC
45027,SRVC
45029,SRVC
45031,SRVC
45033,SRVC
45035,SRVC
45037,SRVC
45039,SRVC
45041,SRVC
45043,SRVC
45045,SRVC
45047,SRVC
45049,SRVC
45051,SRVC
45053,SRVC
45055,SRVC
45057,SRVC
45059,SRVC
45061,SRVC
45063,SRVC
45065,SRVC
45067,SRVC
45069,SRVC
45071,SRVC
45073,SRVC
45075,SRVC
45077,SRVC
45079,SRVC
45081,SRVC
45083,SRVC
45085,SRVC
45087,SRVC
45089,SRVC
45091,SRVC
46003,MROW
46005,MROW
46007,MROW
46009,MROW
46011,MROW
46013,MROW
46015,MROW
46017,MROW
46019,RMPA
46021,MROW
46023,MROW
46025,MROW
46027,MROW
46029,MROW
46031,MROW
46033,RMPA
46035,MROW
46037,MROW
46039,MROW
46041,MROW
46043,MROW
46045,MROW
46047,RMPA
46049,MROW
46051,MROW
46053,MROW
46055,MROW
46057,MROW
46059,MROW
46061,MROW
46063,MROW
46065,MROW
46067,MROW
46069,MROW
46071,MROW
46073,MROW
46075,MROW
46077,MROW
46079,MROW
46081,RMPA
46083,MROW
46085,MROW
46087,MROW
46089,MROW
46091,MROW
46093,MROW
46095,MROW
46097,MROW
46099,MROW
46101,MROW
46102,RMPA
46103,RMPA
46105,MROW
46107,MROW
46109,MROW
46111,MROW
46115,MROW
46117,MROW
46119,MROW
46121,MROW
46123,MROW
46125,MROW
46127,MROW
46129,MROW
46135,MROW
46137,MROW
47001,SRTV
47003,SRTV
47005,SRTV
47007,SRTV
47009,SRTV
47011,SRTV
47013,SRTV
47015,SRTV
47017,SRTV
47019,SRTV
47021,SRTV
47023,SRTV
47025,SRTV
47027,SRTV
47029,SRTV
47031,SRTV
47033,SRTV
47035,SRTV
47037,SRTV
47039,SRTV
47041,SRTV
47043,SRTV
47045,SRTV
47047,SRTV
47049,SRTV
47051,SRTV
47053,SRTV
47055,SRTV
47057,SRTV
47059,SRTV
47061,SRTV
47063,SRTV
47065,SRTV
47067,SRTV
47069,SRTV
47071,SRTV
47073,SRTV
47075,SRTV
47077,SRTV
47079,SRTV
47081,SRTV
47083,SRTV
47085,SRTV
47087,SRTV
47089,SRTV
47091,SRTV
47093,SRTV
47095,SRTV
47097,SRTV
47099,SRTV
47101,SRTV
47103,SRTV
47105,SRTV
47107,SRTV
47109,SRTV
47111,SRTV
47113,SRTV
47115,SRTV
47117,SRTV
47119,SRTV
47121,SRTV
47123,SRTV
47125,SRTV
47127,SRTV
47129,SRTV
47131,SRTV
47133,SRTV
47135,SRTV
47137,SRTV
47139,SRTV
47141,SRTV
47143,SRTV
47145,SRTV
47147,SRTV
47149,SRTV
47151,SRTV
47153,SRTV
47155,SRTV
47157,SRTV
47159,SRTV
47161,SRTV
47163,SRTV
47165,SRTV
47167,SRTV
47169,SRTV
47171,SRTV
47173,SRTV
47175,SRTV
47177,SRTV
47179,SRTV
47181,SRTV
47183,SRTV
47185,SRTV
47187,SRTV
47189,SRTV
48001,SRMV
48003,SPSO
48005,SRMV
48007,ERCT
48009,ERCT
48011,ERCT
48013,ERCT
48015,ERCT
48017,SPSO
48019,ERCT
48021,ERCT
48023,ERCT
48025,ERCT
48027,ERCT
48029,ERCT
48031,ERCT
48033,ERCT
48035,ERCT
48037,SPSO
48039,ERCT
48041,ERCT
48043,ERCT
48045,ERCT
48047,ERCT
48049,ERCT
48051,ERCT
48053,ERCT
48055,ERCT
48057,ERCT
48059,ERCT
48061,ERCT
48063,SPSO
48065,SPSO
48067,SPSO
48069,SPSO
48071,SRMV
48073,ERCT
48075,ERCT
48077,ERCT
48079,SPSO
48081,ERCT
48083,ERCT
48085,ERCT
48087,ERCT
48089,ERCT
48091,ERCT
48093,ERCT
48095,ERCT
48097,ERCT
48099,ERCT
48101,ERCT
48103,ERCT
48105,ERCT
48107,ERCT
48109,ERCT
48111,SPSO
48113,ERCT
48115,SPSO
48117,SPSO
48119,ERCT
48121,ERCT
48123,ERCT
48125,ERCT
48127,ERCT
48129,ERCT
48131,ERCT
48133,ERCT
48135,ERCT
48137,ERCT
48139,ERCT
48141,AZNM
48143,ERCT
48145,ERCT
48147,ERCT
48149,ERCT
48151,ERCT
48153,ERCT
48155,ERCT
48157,ERCT
48159,SPSO
48161,ERCT
48163,ERCT
48165,SPSO
48167,ERCT
48169,ERCT
48171,ERCT
48173,ERCT
48175,ERCT
48177,ERCT
48179,ERCT
48181,ERCT
48183,SPSO
48185,SRMV
48187,ERCT
48189,ERCT
48191,ERCT
48193,ERCT
48195,SPSO
48197,ERCT
48199,SRMV
48201,ERCT
48203,SPSO
48205,SPSO
48207,ERCT
48209,ERCT
48211,SPSO
48213,ERCT
48215,ERCT
48217,ERCT
48219,SPSO
48221,ERCT
48223,ERCT
48225,SRMV
48227,ERCT
48229,AZNM
48231,ERCT
48233,SPSO
48235,ERCT
48237,ERCT
48239,ERCT
48241,SRMV
48243,ERCT
48245,SRMV
48247,ERCT
48249,ERCT
48251,ERCT
48253,ERCT
48255,ERCT
48257,ERCT
48259,ERCT
48261,ERCT
48263,ERCT
48265,ERCT
48267,ERCT
48269,ERCT
48271,ERCT
48273,ERCT
48275,ERCT
48277,ERCT
48279,SPSO
48281,ERCT
48283,ERCT
48285,ERCT
48287,ERCT
48289,SRMV
48291,SRMV
48293,ERCT
48295,SPSO
48297,ERCT
48299,ERCT
48301,SPSO
48303,ERCT
48305,ERCT
48307,ERCT
48309,ERCT
48311,ERCT
48313,SRMV
48315,SPSO
48317,ERCT
48319,ERCT
48321,ERCT
48323,ERCT
48325,ERCT
48327,ERCT
48329,ERCT
48331,ERCT
48333,ERCT
48335,ERCT
48337,ERCT
48339,SRMV
48341,SPSO
48343,SPSO
48345,ERCT
48347,ERCT
48349,ERCT
48351,SRMV
48353,ERCT
48355,ERCT
48357,SPSO
48359,SPSO
48361,SRMV
48363,ERCT
48365,ERCT
48367,ERCT
48369,SPSO
48371,ERCT
48373,SRMV
48375,SPSO
48377,ERCT
48379,ERCT
48381,SPSO
48383,ERCT
48385,ERCT
48387,ERCT
48389,ERCT
48391,ERCT
48393,ERCT
48395,SRMV
48397,ERCT
48399,ERCT
48401,ERCT
48403,ERCT
48405,ERCT
48407,SRMV
48409,ERCT
48411,ERCT
48413,ERCT
48415,ERCT
48417,ERCT
48419,ERCT
48421,SPSO
48423,SPSO
48425,ERCT
48427,ERCT
48429,ERCT
48431,ERCT
48433,ERCT
48435,ERCT
48437,ERCT
48439,ERCT
48441,ERCT
48443,ERCT
48445,SPSO
48447,ERCT
48449,SPSO
48451,ERCT
48453,ERCT
48455,SRMV
48457,SRMV
48459,SPSO
48461,ERCT
48463,ERCT
48465,ERCT
48467,ERCT
48469,ERCT
48471,SRMV
48473,SRMV
48475,ERCT
48477,ERCT
48479,ERCT
48481,ERCT
48483,ERCT
48485,ERCT
48487,SPSO
48489,ERCT
48491,ERCT
48493,ERCT
48495,SPSO
48497,ERCT
48499,SPSO
48501,SPSO
48503,ERCT
48505,ERCT
48507,ERCT
49001,NWPP
49003,NWPP
49005,NWPP
49007,NWPP
49009,NWPP
49011,NWPP
49013,NWPP
49015,NWPP
49017,NWPP
49019,NWPP
49021,NWPP
49023,NWPP
49025,NWPP
49027,NWPP
49029,NWPP
49031,NWPP
49033,NWPP
49035,NWPP
49037,NWPP
49039,NWPP
49041,NWPP
49043,NWPP
49045,NWPP
49047,NWPP
49049,NWPP
49051,NWPP
49053,NWPP
49055,NWPP
49057,NWPP
50001,NEWE
50003,NEWE
50005,NEWE
50007,NEWE
50009,NEWE
50011,NEWE
50013,NEWE
50015,NEWE
50017,NEWE
50019,NEWE
50021,NEWE
50023,NEWE
50025,NEWE
50027,NEWE
51001,RFCE
51003,SRVC
51005,SRVC
51007,SRVC
51009,RFCW
51011,RFCW
51013,SRVC
51015,RFCW
51017,SRVC
51019,RFCW
51021,RFCW
51023,RFCW
51025,SRVC
51027,RFCW
51029,SRVC
51031,RFCW
51033,SRVC
51035,RFCW
51036,SRVC
51037,SRVC
51041,SRVC
51043,SRVC
51045,RFCW
51047,SRVC
51049,SRVC
51051,RFCW
51053,SRVC
51057,SRVC
51059,SRVC
51061,SRVC
51063,RFCW
51065,SRVC
51067,RFCW
51069,SRVC
51071,RFCW
51073,SRVC
51075,SRVC
51077,RFCW
51079,SRVC
51081,SRVC
51083,SRVC
51085,SRVC
51087,SRVC
51089,RFCW
51091,RFCW
51093,SRVC
51095,SRVC
51097,SRVC
51099,SRVC
51101,SRVC
51103,SRVC
51105,SRTV
51107,SRVC
51109,SRVC
51111,SRVC
51113,SRVC
51115,SRVC
51117,SRVC
51119,SRVC
51121,RFCW
51125,RFCW
51127,SRVC
51131,RFCE
51133,SRVC
51135,SRVC
51137,SRVC
51139,SRVC
51141,RFCW
51143,RFCW
51145,SRVC
51147,SRVC
51149,SRVC
51153,SRVC
51155,RFCW
51157,SRVC
51159,SRVC
51161,RFCW
51163,SRVC
51165,RFCW
51167,RFCW
51169,RFCW
51171,RFCW
51173,RFCW
51175,SRVC
51177,SRVC
51179,SRVC
51181,SRVC
51183,SRVC
51185,RFCW
51187,SRVC
51191,RFCW
51193,SRVC
51195,RFCW
51197,RFCW
51199,SRVC
51510,SRVC
51520,RFCW
51530,SRVC
51540,RFCW
51550,SRVC
51570,SRVC
51580,SRVC
51590,RFCW
51595,SRVC
51600,SRVC
51610,SRVC
51620,SRVC
51630,SRVC
51640,RFCW
51650,SRVC
51660,SRVC
51670,SRVC
51678,SRVC
51680,RFCW
51683,SRVC
51685,SRVC
51690,RFCW
51700,SRVC
51710,SRVC
51720,RFCW
51730,SRVC
51735,SRVC
51740,SRVC
51750,RFCW
51760,SRVC
51770,RFCW
51775,RFCW
51790,RFCW
51800,SRVC
51810,SRVC
51820,RFCW
51830,SRVC
51840,SRVC
53001,NWPP
53003,NWPP
53005,NWPP
53007,NWPP
53009,NWPP
53011,NWPP
53013,NWPP
53015,NWPP
53017,NWPP
53019,NWPP
53021,NWPP
53023,NWPP
53025,NWPP
53027,NWPP
53029,NWPP
53031,NWPP
53033,NWPP
53035,NWPP
53037,NWPP
53039,NWPP
53041,NWPP
53043,NWPP
53045,NWPP
53047,NWPP
53049,NWPP
53051,NWPP
53053,NWPP
53055,NWPP
53057,NWPP
53059,NWPP
53061,NWPP
53063,NWPP
53065,NWPP
53067,NWPP
53069,NWPP
53071,NWPP
53073,NWPP
53075,NWPP
53077,NWPP
54001,RFCW
54003,RFCW
54005,RFCW
54007,RFCW
54009,RFCW
54011,RFCW
54013,RFCW
54015,RFCW
54017,RFCW
54019,RFCW
54021,RFCW
54023,RFCW
54025,RFCW
54027,RFCW
54029,RFCW
54031,RFCW
54033,RFCW
54035,RFCW
54037,RFCW
54039,RFCW
54041,RFCW
54043,RFCW
54045,RFCW
54047,RFCW
54049,RFCW
54051,RFCW
54053,RFCW
54055,RFCW
54057,RFCW
54059,RFCW
54061,RFCW
54063,RFCW
54065,RFCW
54067,RFCW
54069,RFCW
54071,RFCW
54073,RFCW
54075,RFCW
54077,RFCW
54079,RFCW
54081,RFCW
54083,RFCW
54085,RFCW
54087,RFCW
54089,RFCW
54091,RFCW
54093,RFCW
54095,RFCW
54097,RFCW
54099,RFCW
54101,RFCW
54103,RFCW
54105,RFCW
54107,RFCW
54109,RFCW
55001,MROE
55003,MROW
55005,MROW
55007,MROW
55009,MROE
55011,MROW
55013,MROW
55015,RFCW
55017,MROW
55019,MROW
55021,MROE
55023,MROE
55025,MROE
55027,MROE
55029,MROE
55031,MROW
55033,MROW
55035,MROW
55037,RFCW
55039,MROE
55041,MROE
55043,MROE
55045,RFCW
55047,MROE
55049,MROE
55051,MROW
55053,MROW
55055,RFCW
55057,MROE
55059,RFCW
55061,MROE
55063,MROW
55065,MROE
55067,MROE
55069,MROW
55071,MROE
55073,MROE
55075,MROE
55077,MROE
55078,RFCW
55079,RFCW
55081,MROW
55083,MROE
55085,MROE
55087,RFCW
55089,RFCW
55091,MROW
55093,MROW
55095,MROW
55097,MROE
55099,MROW
55101,RFCW
55103,MROE
55105,RFCW
55107,MROW
55109,MROW
55111,MROE
55113,MROW
55115,RFCW
55117,RFCW
55119,MROW
55121,MROW
55123,MROW
55125,MROW
55127,RFCW
55129,MROW
55131,RFCW
55133,RFCW
55135,RFCW
55137,MROE
55139,MROE
55141,MROE
56001,RMPA
56003,NWPP
56005,RMPA
56007,RMPA
56009,NWPP
56011,RMPA
56013,RMPA
56015,RMPA
56017,RMPA
56019,MROW
56021,RMPA
56023,NWPP
56025,RMPA
56027,RMPA
56029,RMPA
56031,NWPP
56033,MROW
56035,NWPP
56037,NWPP
56039,NWPP
56041,NWPP
56043,RMPA
56045,RMPA
72001,PRMS
72003,PRMS
72005,PRMS
72007,PRMS
72009,PRMS
72011,PRMS
72013,PRMS
72015,PRMS
72017,PRMS
72019,PRMS
72021,PRMS
72023,PRMS
72025,PRMS
72027,PRMS
72029,PRMS
72031,PRMS
72033,PRMS
72035,PRMS
72037,PRMS
72039,PRMS
72041,PRMS
72043,PRMS
72045,PRMS
72047,PRMS
72049,PRMS
72051,PRMS
72053,PRMS
72054,PRMS
72055,PRMS
72057,PRMS
72059,PRMS
72061,PRMS
72063,PRMS
72065,PRMS
72067,PRMS
72069,PRMS
72071,PRMS
72073,PRMS
72075,PRMS
72077,PRMS
72079,PRMS
72081,PRMS
72083,PRMS
72085,PRMS
72087,PRMS
72089,PRMS
72091,PRMS
72093,PRMS
72095,PRMS
72097,PRMS
72099,PRMS
72101,PRMS
72103,PRMS
72105,PRMS
72107,PRMS
72109,PRMS
72111,PRMS
72113,PRMS
72115,PRMS
72117,PRMS
72119,PRMS
72121,PRMS
72123,PRMS
72125,PRMS
72127,PRMS
72129,PRMS
72131,PRMS
72133,PRMS
72135,PRMS
72137,PRMS
72139,PRMS
72141,PRMS
72143,PRMS
72145,PRMS
72147,PRMS
72149,PRMS
72151,PRMS
72153,PRMS
